"user_id","movie_id","liked_at"
"1","m0571","2025-03-03 21:25:03"
"1","m0624","2024-12-19 10:05:45"
"1","m0517","2024-04-02 23:41:05"
"1","m0102","2025-08-08 21:19:53"
"1","m0292","2025-09-22 19:53:24"
"2","m0576","2023-01-29 02:54:56"
"2","m0420","2024-12-19 20:42:45"
"2","m0538","2025-10-25 21:27:22"
"2","m0513","2024-08-08 11:41:32"
"2","m0266","2025-04-06 21:09:05"
"2","m0208","2025-04-14 02:11:01"
"2","m0384","2023-06-14 11:31:39"
"2","m0263","2024-08-27 22:51:58"
"2","m0091","2023-04-22 08:22:31"
"2","m0294","2024-12-19 09:32:53"
"2","m0528","2024-02-25 16:15:17"
"3","m0277","2024-06-09 10:08:14"
"3","m0173","2025-09-07 07:19:53"
"3","m0344","2024-09-03 12:04:50"
"3","m0649","2025-07-25 18:30:06"
"3","m0395","2025-09-02 05:45:12"
"3","m0612","2023-10-25 13:20:38"
"3","m0431","2023-06-21 07:28:17"
"3","m0102","2024-04-24 00:00:26"
"3","m0493","2025-01-01 04:22:10"
"3","m0586","2023-05-06 02:46:52"
"3","m0043","2024-05-17 04:10:32"
"3","m0629","2025-08-12 05:16:49"
"3","m0299","2023-11-19 03:12:51"
"3","m0120","2025-11-07 18:57:31"
"3","m0189","2023-04-19 07:52:33"
"3","m0541","2024-05-08 14:45:31"
"3","m0238","2024-04-05 03:01:15"
"3","m0380","2024-08-14 13:01:37"
"3","m0303","2025-11-30 19:19:37"
"3","m0032","2025-08-29 02:59:05"
"4","m0082","2025-06-22 09:26:59"
"4","m0140","2023-09-20 10:40:22"
"4","m0384","2023-02-16 20:31:42"
"4","m0329","2023-10-31 00:40:25"
"4","m0158","2023-09-23 07:37:38"
"4","m0526","2025-07-14 11:04:18"
"4","m0273","2025-05-06 06:37:28"
"4","m0028","2025-03-13 06:40:09"
"4","m0537","2023-12-17 14:15:42"
"4","m0455","2025-01-28 12:25:16"
"4","m0465","2024-07-27 16:04:56"
"4","m0447","2023-07-05 10:56:20"
"4","m0304","2025-03-16 06:00:58"
"5","m0062","2024-06-04 01:19:43"
"5","m0007","2025-01-09 20:17:39"
"5","m0535","2023-04-23 07:34:21"
"5","m0063","2023-01-30 02:42:00"
"5","m0024","2025-07-17 14:28:52"
"5","m0374","2024-03-24 01:18:10"
"5","m0279","2024-01-28 01:58:40"
"5","m0464","2023-06-14 13:27:24"
"5","m0253","2025-01-24 13:37:24"
"6","m0191","2024-09-16 15:47:24"
"6","m0441","2023-09-27 01:43:02"
"6","m0295","2025-06-15 13:34:39"
"6","m0325","2023-10-27 05:34:33"
"6","m0051","2024-11-15 11:25:07"
"6","m0301","2023-04-17 15:51:39"
"6","m0509","2025-04-20 01:45:28"
"6","m0559","2024-12-19 11:54:20"
"6","m0065","2025-01-17 13:11:28"
"6","m0064","2023-03-23 23:02:22"
"6","m0466","2025-08-07 22:23:37"
"6","m0650","2025-04-13 20:40:35"
"6","m0593","2025-10-29 05:38:19"
"6","m0333","2025-10-09 04:04:22"
"6","m0652","2022-12-21 10:03:59"
"6","m0147","2024-09-30 09:17:28"
"7","m0504","2023-12-30 18:31:00"
"7","m0585","2024-04-05 00:08:55"
"7","m0284","2025-09-11 01:32:41"
"7","m0013","2025-05-25 21:31:05"
"7","m0239","2023-01-08 18:56:37"
"7","m0109","2023-02-27 11:42:14"
"7","m0034","2023-11-08 15:56:01"
"7","m0499","2023-07-11 12:07:55"
"7","m0463","2023-02-17 12:13:23"
"8","m0374","2025-04-18 14:18:42"
"8","m0113","2025-10-02 08:44:54"
"8","m0404","2023-05-06 04:30:35"
"8","m0180","2025-07-10 00:14:15"
"8","m0260","2024-05-14 17:12:10"
"8","m0063","2025-06-14 23:40:28"
"8","m0011","2025-11-03 00:57:28"
"8","m0526","2023-02-26 10:49:40"
"8","m0173","2024-12-19 22:28:30"
"8","m0129","2023-03-30 00:03:55"
"8","m0436","2024-09-25 20:43:07"
"8","m0074","2024-08-16 21:16:24"
"8","m0616","2023-02-25 21:50:01"
"9","m0517","2023-02-12 19:40:07"
"9","m0481","2025-05-01 04:44:45"
"9","m0427","2024-02-05 03:33:52"
"9","m0178","2024-04-03 16:24:18"
"9","m0628","2024-01-19 11:14:39"
"9","m0085","2025-01-25 02:21:36"
"9","m0435","2025-05-07 23:58:54"
"9","m0410","2023-09-08 04:10:43"
"9","m0094","2024-10-21 23:38:29"
"9","m0486","2025-11-25 11:48:01"
"9","m0242","2023-09-29 13:42:41"
"9","m0332","2024-05-01 03:24:36"
"10","m0540","2025-09-23 23:19:22"
"10","m0214","2024-03-19 18:50:27"
"10","m0178","2023-06-07 09:17:54"
"10","m0417","2024-07-21 13:08:25"
"10","m0478","2025-10-20 11:07:59"
"10","m0255","2025-01-03 06:43:28"
"10","m0239","2023-11-01 13:59:51"
"10","m0652","2024-02-05 00:51:01"
"10","m0291","2025-10-28 20:19:45"
"10","m0167","2024-10-27 21:42:15"
"10","m0618","2023-04-13 15:37:39"
"10","m0580","2025-08-12 17:03:50"
"10","m0433","2024-10-18 08:24:10"
"10","m0363","2025-06-16 23:50:59"
"10","m0102","2023-05-19 02:26:10"
"10","m0084","2025-10-28 17:23:05"
"10","m0539","2024-01-24 10:52:54"
"10","m0472","2025-05-15 19:52:10"
"10","m0284","2025-04-05 15:53:57"
"10","m0386","2023-04-22 05:30:10"
"11","m0478","2024-11-20 15:15:32"
"11","m0153","2024-11-28 03:59:30"
"11","m0160","2023-07-28 00:27:54"
"11","m0269","2023-09-12 14:36:32"
"11","m0142","2024-02-29 10:36:33"
"11","m0334","2025-09-20 09:49:03"
"11","m0229","2025-01-15 06:19:11"
"11","m0273","2024-10-12 15:01:25"
"11","m0526","2024-02-26 22:05:41"
"11","m0425","2025-08-20 12:54:09"
"11","m0246","2024-02-25 20:03:59"
"11","m0483","2025-03-18 06:14:57"
"11","m0120","2024-02-08 19:42:52"
"11","m0185","2023-02-23 12:04:29"
"12","m0420","2025-05-01 23:29:57"
"12","m0051","2025-04-21 20:53:44"
"12","m0627","2025-07-08 10:37:05"
"12","m0641","2024-04-12 00:42:35"
"12","m0398","2023-03-17 01:46:50"
"12","m0421","2023-01-06 03:57:07"
"12","m0084","2023-01-08 20:00:39"
"12","m0340","2023-12-20 03:10:02"
"12","m0500","2022-12-25 21:57:08"
"12","m0638","2025-05-20 09:10:54"
"12","m0360","2023-12-11 06:36:18"
"12","m0660","2024-02-20 05:51:06"
"13","m0298","2022-12-15 19:52:00"
"13","m0622","2025-07-31 23:49:44"
"13","m0094","2023-12-29 22:13:17"
"13","m0614","2023-05-24 07:19:54"
"13","m0623","2025-07-14 00:28:16"
"13","m0363","2023-04-04 06:28:46"
"13","m0441","2025-05-04 17:14:53"
"13","m0320","2023-01-05 22:24:43"
"13","m0289","2025-09-17 11:23:56"
"13","m0180","2025-03-27 13:44:22"
"13","m0292","2024-10-02 21:04:05"
"13","m0231","2025-09-13 19:54:56"
"13","m0322","2025-01-23 01:59:22"
"13","m0544","2023-10-06 07:01:11"
"13","m0513","2023-05-06 09:12:00"
"13","m0302","2025-11-12 07:22:46"
"13","m0520","2024-06-16 09:40:38"
"13","m0279","2024-01-12 01:52:35"
"14","m0149","2025-05-29 18:59:27"
"14","m0439","2025-10-14 13:06:26"
"14","m0348","2025-01-04 13:57:48"
"14","m0445","2025-10-29 05:28:09"
"14","m0260","2024-05-19 16:37:12"
"14","m0427","2025-02-10 18:38:20"
"14","m0465","2023-04-16 13:53:04"
"14","m0528","2024-08-16 13:48:11"
"14","m0541","2022-12-07 18:18:15"
"14","m0229","2023-09-07 00:15:00"
"14","m0170","2025-08-20 21:52:53"
"14","m0105","2024-12-09 18:05:41"
"14","m0553","2025-05-25 00:43:18"
"14","m0536","2023-08-18 12:34:00"
"14","m0596","2023-06-15 02:22:32"
"14","m0130","2025-04-01 19:52:24"
"14","m0157","2024-06-10 01:58:48"
"14","m0078","2025-06-28 20:59:49"
"14","m0614","2023-01-08 11:29:20"
"15","m0293","2025-02-19 07:04:28"
"15","m0473","2023-08-12 02:44:01"
"15","m0656","2024-07-04 16:39:00"
"15","m0370","2025-02-04 07:36:25"
"15","m0596","2025-01-07 06:40:52"
"15","m0350","2023-01-01 09:37:49"
"15","m0116","2024-08-26 11:51:52"
"15","m0367","2025-05-04 01:00:24"
"16","m0319","2024-12-13 14:33:23"
"16","m0215","2024-06-23 20:22:01"
"16","m0218","2023-08-11 03:08:12"
"16","m0366","2023-04-27 00:27:34"
"16","m0550","2025-03-21 08:25:59"
"16","m0102","2024-07-01 09:53:31"
"16","m0138","2024-08-09 22:58:09"
"16","m0534","2025-06-14 11:09:16"
"16","m0013","2025-09-16 21:09:55"
"16","m0126","2024-09-21 20:48:26"
"16","m0494","2023-03-24 15:02:12"
"16","m0352","2023-12-22 16:45:58"
"16","m0452","2023-04-26 01:01:45"
"16","m0364","2024-02-29 06:01:32"
"16","m0520","2024-06-24 06:36:17"
"16","m0105","2025-06-17 06:24:31"
"17","m0524","2023-10-20 10:07:54"
"17","m0576","2025-08-24 15:59:25"
"17","m0462","2024-08-02 21:35:24"
"17","m0493","2024-05-01 08:16:18"
"17","m0656","2024-09-29 03:12:07"
"17","m0051","2024-05-16 03:45:58"
"17","m0076","2024-02-04 14:41:04"
"17","m0543","2025-04-20 11:47:03"
"17","m0343","2023-01-29 20:34:12"
"17","m0564","2025-01-15 04:28:52"
"17","m0149","2023-01-28 14:19:43"
"17","m0193","2024-01-25 03:01:58"
"17","m0222","2024-09-01 23:07:14"
"17","m0195","2024-06-04 06:42:59"
"17","m0356","2023-03-11 21:16:01"
"17","m0196","2025-04-28 14:16:24"
"18","m0583","2024-01-13 23:15:39"
"18","m0294","2025-09-20 11:24:55"
"18","m0297","2024-09-06 04:05:22"
"18","m0660","2025-08-28 09:28:29"
"18","m0112","2025-09-14 04:29:15"
"18","m0019","2023-03-06 13:18:55"
"18","m0570","2024-10-24 09:01:09"
"18","m0507","2024-12-06 18:18:03"
"18","m0010","2024-12-27 10:21:53"
"18","m0428","2025-08-12 18:31:40"
"18","m0362","2025-11-11 21:31:47"
"18","m0625","2025-05-23 15:07:04"
"18","m0339","2023-02-16 04:25:09"
"18","m0289","2024-12-25 09:39:01"
"18","m0333","2024-09-30 22:53:17"
"18","m0162","2025-07-14 11:09:24"
"18","m0028","2025-02-22 06:59:56"
"18","m0332","2025-10-21 21:32:03"
"18","m0250","2025-05-16 19:46:31"
"19","m0485","2024-06-29 23:54:29"
"19","m0389","2024-07-02 05:25:30"
"19","m0543","2025-11-03 23:40:27"
"19","m0652","2024-04-02 21:13:14"
"19","m0214","2023-01-09 16:15:55"
"19","m0591","2024-07-26 13:58:22"
"19","m0258","2025-02-17 10:42:05"
"19","m0229","2022-12-20 22:24:48"
"19","m0449","2023-04-17 04:15:54"
"19","m0035","2023-06-07 16:04:55"
"19","m0346","2023-06-27 15:51:44"
"19","m0026","2023-03-15 23:30:43"
"20","m0186","2025-01-30 02:39:15"
"20","m0055","2024-09-18 23:40:19"
"20","m0023","2023-11-09 23:48:20"
"20","m0446","2025-09-23 05:54:49"
"20","m0535","2022-12-29 04:39:21"
"20","m0542","2025-06-22 13:19:42"
"20","m0318","2023-10-28 17:15:55"
"20","m0056","2023-12-25 06:09:17"
"20","m0367","2024-09-07 19:40:18"
"21","m0197","2023-01-17 15:28:50"
"21","m0413","2024-08-29 15:38:01"
"21","m0311","2023-01-05 17:40:10"
"21","m0215","2024-04-21 03:23:41"
"21","m0193","2025-11-29 12:59:39"
"22","m0473","2024-05-04 16:53:52"
"22","m0142","2023-10-26 14:46:05"
"22","m0262","2023-12-26 08:04:07"
"22","m0072","2024-12-19 01:37:46"
"22","m0377","2025-08-09 22:41:08"
"22","m0295","2024-05-11 12:59:25"
"22","m0299","2025-09-10 06:15:29"
"22","m0570","2025-04-04 18:24:09"
"22","m0062","2024-11-21 02:14:43"
"22","m0297","2024-09-05 12:22:43"
"22","m0192","2024-12-15 00:07:42"
"22","m0216","2024-08-22 10:10:00"
"22","m0249","2025-05-28 19:25:36"
"22","m0639","2023-03-17 22:49:28"
"22","m0433","2024-07-30 16:18:36"
"23","m0461","2023-05-08 17:27:11"
"23","m0195","2024-10-08 03:38:08"
"23","m0634","2023-02-18 18:01:33"
"23","m0480","2024-01-24 21:59:39"
"23","m0081","2025-10-31 16:26:58"
"23","m0420","2023-07-03 19:48:35"
"23","m0637","2024-05-05 06:06:01"
"23","m0564","2024-08-04 11:46:14"
"23","m0041","2024-05-01 10:43:32"
"23","m0586","2024-10-19 08:45:55"
"23","m0194","2024-01-06 19:21:04"
"24","m0159","2025-05-28 04:03:17"
"24","m0290","2025-05-09 11:21:08"
"24","m0043","2023-08-18 23:10:56"
"24","m0662","2024-10-04 23:21:26"
"24","m0166","2025-11-15 09:32:40"
"24","m0275","2025-06-27 10:09:04"
"24","m0071","2024-04-11 17:32:09"
"24","m0595","2022-12-23 15:19:21"
"24","m0302","2023-04-28 19:25:43"
"24","m0590","2023-01-12 09:53:30"
"24","m0237","2024-11-25 05:25:21"
"24","m0358","2024-03-17 07:01:28"
"24","m0405","2024-10-08 01:31:18"
"24","m0463","2023-06-17 09:48:26"
"24","m0286","2024-06-20 08:05:03"
"24","m0334","2025-10-03 06:39:10"
"25","m0333","2023-02-18 18:46:56"
"25","m0610","2024-09-23 06:40:21"
"25","m0393","2023-10-30 22:12:16"
"25","m0363","2024-06-12 13:12:10"
"25","m0158","2025-07-15 20:18:33"
"25","m0563","2025-03-21 06:01:53"
"25","m0217","2023-07-12 10:41:21"
"25","m0207","2023-08-19 00:11:51"
"25","m0042","2024-10-20 00:18:11"
"25","m0097","2023-10-21 15:30:37"
"25","m0427","2025-06-22 07:27:38"
"25","m0103","2023-05-26 09:47:52"
"25","m0036","2023-06-03 06:18:27"
"25","m0374","2024-04-21 04:17:50"
"25","m0130","2023-02-23 14:01:21"
"25","m0014","2024-02-06 05:55:11"
"25","m0511","2025-06-10 17:19:29"
"25","m0215","2023-10-02 22:55:10"
"25","m0381","2023-12-02 05:02:13"
"25","m0404","2024-03-03 19:27:41"
"26","m0005","2024-05-24 04:04:15"
"26","m0066","2022-12-07 18:26:21"
"26","m0496","2024-03-21 22:02:51"
"26","m0390","2025-10-27 18:43:27"
"26","m0630","2025-02-06 19:14:32"
"26","m0494","2025-09-18 08:15:04"
"26","m0233","2023-09-11 13:14:41"
"26","m0467","2025-05-22 00:02:41"
"26","m0603","2023-06-06 11:34:17"
"26","m0393","2023-10-30 18:06:50"
"26","m0463","2024-11-11 19:39:05"
"26","m0399","2024-06-17 02:47:12"
"26","m0459","2024-11-18 15:17:09"
"27","m0509","2024-06-21 13:42:16"
"27","m0296","2025-04-10 13:24:30"
"27","m0294","2025-05-15 20:03:05"
"27","m0259","2023-07-26 18:52:56"
"27","m0613","2025-07-08 22:22:02"
"27","m0574","2024-06-30 12:24:42"
"27","m0043","2024-01-13 13:27:38"
"27","m0379","2025-11-24 14:26:59"
"27","m0090","2023-08-28 23:06:13"
"27","m0135","2025-01-16 21:12:13"
"27","m0622","2023-02-07 20:31:34"
"28","m0488","2023-10-12 23:55:23"
"28","m0403","2025-03-01 20:59:14"
"28","m0087","2025-01-04 08:11:26"
"28","m0496","2024-12-01 20:06:21"
"28","m0293","2024-07-01 10:49:40"
"28","m0535","2025-06-18 15:53:00"
"28","m0649","2024-06-13 21:43:00"
"28","m0315","2024-01-04 13:20:09"
"28","m0481","2022-12-25 02:40:09"
"28","m0577","2023-09-14 21:25:47"
"28","m0351","2024-03-20 21:36:23"
"28","m0654","2025-10-01 08:56:46"
"28","m0646","2023-05-31 05:54:04"
"28","m0472","2023-03-31 02:18:34"
"28","m0452","2024-04-11 23:39:05"
"28","m0559","2025-09-23 02:37:17"
"28","m0083","2025-04-18 10:33:45"
"29","m0317","2024-03-27 02:34:29"
"29","m0088","2023-10-23 00:13:59"
"29","m0437","2024-08-27 10:44:32"
"29","m0468","2023-12-31 14:53:57"
"29","m0311","2025-02-03 18:22:39"
"29","m0613","2025-05-10 06:18:33"
"30","m0529","2023-10-01 06:34:30"
"30","m0519","2023-06-11 08:28:47"
"30","m0588","2023-03-01 20:32:58"
"30","m0500","2025-09-09 17:32:19"
"30","m0461","2023-04-15 11:36:04"
"30","m0656","2025-03-01 12:33:36"
"30","m0507","2025-07-21 09:30:57"
"30","m0049","2024-01-20 19:12:57"
"30","m0073","2023-09-29 15:38:12"
"30","m0555","2023-10-09 19:08:21"
"30","m0270","2023-03-28 20:54:25"
"30","m0097","2023-08-10 10:07:32"
"30","m0409","2024-08-29 23:46:08"
"31","m0449","2025-10-26 02:31:22"
"31","m0158","2025-10-05 02:28:24"
"31","m0390","2024-09-16 05:23:20"
"31","m0467","2025-04-09 00:07:01"
"31","m0579","2024-04-18 07:10:38"
"31","m0540","2025-04-23 22:09:46"
"31","m0326","2023-12-23 01:09:05"
"31","m0563","2025-11-30 01:15:47"
"31","m0263","2023-06-15 20:10:53"
"31","m0007","2023-01-31 02:06:38"
"31","m0184","2024-06-03 15:13:55"
"31","m0399","2024-08-07 15:34:22"
"31","m0475","2023-02-05 00:24:30"
"31","m0182","2022-12-25 19:33:06"
"31","m0471","2023-03-12 22:33:12"
"31","m0415","2023-02-09 01:42:31"
"32","m0219","2024-07-16 22:30:36"
"32","m0262","2024-09-25 08:23:41"
"32","m0334","2025-06-14 19:02:44"
"32","m0227","2025-08-25 05:33:13"
"32","m0191","2023-03-09 16:29:48"
"32","m0468","2024-07-09 03:20:06"
"32","m0137","2024-09-19 12:42:04"
"32","m0623","2025-06-17 09:55:49"
"32","m0332","2025-10-30 13:23:32"
"32","m0147","2023-08-09 19:00:49"
"32","m0158","2023-09-01 20:51:15"
"32","m0638","2025-01-29 12:30:54"
"32","m0303","2024-03-15 04:12:34"
"33","m0161","2024-08-01 05:32:08"
"33","m0383","2023-10-21 20:19:07"
"33","m0404","2024-12-22 12:20:28"
"33","m0594","2023-12-26 13:35:55"
"33","m0086","2024-05-18 09:24:18"
"33","m0395","2025-08-11 14:01:45"
"33","m0057","2023-04-03 15:13:06"
"34","m0621","2023-03-12 00:00:36"
"34","m0170","2023-02-09 11:55:09"
"34","m0139","2024-06-30 07:24:28"
"34","m0304","2023-11-01 08:39:31"
"34","m0059","2023-03-30 21:22:33"
"34","m0281","2023-05-22 19:34:02"
"34","m0166","2025-07-05 22:11:40"
"34","m0142","2025-07-09 16:10:30"
"34","m0339","2023-11-05 12:46:09"
"34","m0102","2025-08-02 00:48:16"
"34","m0512","2025-11-10 17:04:19"
"34","m0012","2023-07-01 15:23:17"
"34","m0249","2025-02-07 12:52:32"
"34","m0526","2022-12-13 00:13:55"
"34","m0098","2024-09-29 01:05:49"
"35","m0558","2025-08-21 03:10:12"
"35","m0150","2023-08-01 21:24:33"
"35","m0661","2023-11-01 11:18:16"
"35","m0132","2025-01-16 21:43:59"
"35","m0038","2024-01-30 20:37:18"
"35","m0273","2025-02-22 06:09:13"
"35","m0049","2023-05-04 13:57:19"
"35","m0431","2024-06-29 03:36:16"
"35","m0284","2023-12-26 04:00:45"
"35","m0093","2025-03-22 17:25:04"
"35","m0146","2023-05-20 12:35:36"
"35","m0134","2024-01-26 01:34:04"
"35","m0198","2024-04-08 02:32:44"
"35","m0415","2023-06-17 11:01:12"
"35","m0088","2024-09-13 09:04:16"
"35","m0631","2024-09-01 22:21:10"
"35","m0594","2023-01-14 15:15:07"
"35","m0305","2023-11-18 15:57:36"
"35","m0469","2025-09-28 02:24:34"
"35","m0262","2023-02-19 17:06:01"
"36","m0235","2024-03-30 13:41:18"
"36","m0548","2024-01-14 08:16:46"
"36","m0124","2023-08-21 19:39:17"
"36","m0161","2024-03-12 08:09:27"
"36","m0576","2025-09-26 23:01:49"
"36","m0125","2025-08-19 15:59:21"
"36","m0225","2025-10-19 15:05:47"
"36","m0114","2025-07-14 09:58:00"
"36","m0413","2023-05-07 18:01:42"
"36","m0560","2024-10-31 13:02:21"
"36","m0168","2023-11-27 11:16:15"
"36","m0001","2023-08-31 00:48:10"
"36","m0146","2025-11-22 13:44:45"
"37","m0386","2025-10-29 04:56:08"
"37","m0065","2024-01-24 13:17:56"
"37","m0118","2023-05-01 18:02:32"
"37","m0096","2023-11-05 04:14:35"
"37","m0156","2024-01-05 19:29:37"
"37","m0175","2024-05-10 10:02:24"
"37","m0300","2024-09-11 07:04:29"
"37","m0195","2025-01-12 03:26:22"
"37","m0027","2024-09-19 19:07:01"
"38","m0373","2023-10-01 03:19:52"
"38","m0590","2023-11-09 10:48:36"
"38","m0635","2023-12-25 18:24:47"
"38","m0178","2022-12-02 21:36:31"
"38","m0009","2022-12-15 13:08:39"
"38","m0161","2025-10-31 21:42:04"
"39","m0484","2023-01-27 08:19:03"
"39","m0640","2023-10-18 13:04:43"
"39","m0387","2024-09-05 13:09:02"
"39","m0293","2025-11-24 12:43:33"
"39","m0195","2024-11-10 14:33:00"
"39","m0610","2023-10-19 12:45:16"
"39","m0114","2024-06-23 07:50:56"
"39","m0280","2024-01-11 18:44:43"
"39","m0338","2025-05-25 13:29:07"
"39","m0150","2025-06-18 06:56:18"
"39","m0518","2023-09-25 03:49:07"
"39","m0580","2023-12-21 20:56:22"
"39","m0393","2023-01-09 21:44:20"
"39","m0542","2024-10-04 12:59:26"
"39","m0508","2024-08-06 07:54:23"
"39","m0261","2024-01-21 17:23:10"
"40","m0079","2023-12-02 09:37:15"
"40","m0514","2023-03-22 01:49:10"
"40","m0359","2023-03-22 21:37:57"
"40","m0309","2025-02-18 01:02:21"
"40","m0305","2023-01-26 16:15:59"
"40","m0659","2023-08-20 03:15:20"
"40","m0273","2023-01-30 00:18:40"
"40","m0277","2025-05-06 05:38:16"
"40","m0467","2025-10-19 04:22:51"
"40","m0173","2024-06-24 18:05:12"
"40","m0160","2024-10-12 19:33:26"
"40","m0624","2025-06-10 06:42:16"
"40","m0329","2023-11-01 18:45:20"
"40","m0635","2025-07-08 18:09:15"
"40","m0048","2025-03-26 22:54:40"
"40","m0154","2024-04-12 12:54:22"
"40","m0159","2024-02-08 00:05:59"
"40","m0568","2023-12-06 22:13:27"
"40","m0355","2025-09-04 00:28:58"
"40","m0393","2025-01-09 04:59:05"
"41","m0343","2025-08-03 20:13:35"
"41","m0215","2024-10-13 01:13:21"
"41","m0322","2023-06-19 00:00:42"
"41","m0471","2024-12-15 10:02:49"
"41","m0277","2023-03-16 21:57:10"
"41","m0456","2023-08-08 19:36:46"
"41","m0359","2025-11-07 11:24:39"
"41","m0291","2025-05-30 00:49:58"
"41","m0181","2023-01-28 14:40:15"
"42","m0150","2024-02-08 16:49:52"
"42","m0590","2025-02-15 21:07:30"
"42","m0239","2025-09-17 11:25:59"
"42","m0167","2023-09-01 11:46:34"
"42","m0581","2025-09-05 19:23:19"
"42","m0561","2025-01-03 21:43:23"
"42","m0474","2023-08-20 21:53:21"
"42","m0441","2023-07-26 10:23:44"
"42","m0191","2023-05-14 09:26:32"
"42","m0626","2025-06-02 21:07:37"
"42","m0230","2023-05-28 03:51:54"
"42","m0610","2025-05-10 19:59:21"
"42","m0625","2023-07-05 07:15:04"
"42","m0012","2024-06-05 23:18:19"
"42","m0544","2024-04-12 21:20:38"
"42","m0391","2024-04-24 09:11:14"
"42","m0026","2023-09-11 08:55:37"
"42","m0533","2024-10-13 03:54:50"
"42","m0189","2025-11-26 05:12:49"
"42","m0383","2024-07-08 15:29:45"
"43","m0295","2024-05-14 16:59:31"
"43","m0629","2023-11-10 20:06:39"
"43","m0027","2023-02-03 10:25:44"
"43","m0129","2023-01-20 01:01:34"
"43","m0090","2025-11-20 06:05:12"
"43","m0237","2025-09-26 00:50:41"
"43","m0332","2023-10-26 12:49:53"
"43","m0536","2024-12-23 00:44:21"
"44","m0474","2023-12-27 22:08:43"
"44","m0192","2023-03-07 03:22:02"
"44","m0584","2023-02-01 01:06:51"
"44","m0343","2024-08-20 01:41:58"
"44","m0180","2024-05-28 10:34:18"
"44","m0249","2025-10-08 05:15:17"
"44","m0084","2025-09-09 17:38:05"
"44","m0482","2024-07-16 05:40:43"
"44","m0279","2025-01-24 01:21:30"
"44","m0136","2024-05-24 02:12:48"
"44","m0512","2025-01-30 14:44:17"
"44","m0628","2023-09-01 12:26:07"
"44","m0210","2025-09-22 12:02:41"
"44","m0212","2024-03-18 22:40:44"
"44","m0162","2025-03-17 04:18:35"
"44","m0322","2024-06-08 06:00:19"
"44","m0289","2023-03-12 04:45:27"
"45","m0079","2024-02-12 13:16:46"
"45","m0646","2023-04-07 07:10:11"
"45","m0283","2025-06-23 23:47:49"
"45","m0543","2025-09-15 23:56:12"
"45","m0470","2025-09-23 02:42:23"
"45","m0395","2025-07-30 02:15:08"
"45","m0379","2025-11-02 15:13:49"
"45","m0600","2025-03-19 06:14:45"
"46","m0263","2023-07-19 14:25:50"
"46","m0332","2025-11-25 12:37:41"
"46","m0054","2024-03-23 14:37:59"
"46","m0248","2025-07-13 02:16:12"
"46","m0604","2024-12-31 04:32:21"
"46","m0329","2023-03-18 02:34:49"
"46","m0267","2024-06-20 18:34:36"
"46","m0662","2024-12-08 17:08:47"
"47","m0240","2024-08-14 16:50:06"
"47","m0385","2023-12-09 20:01:59"
"47","m0181","2023-05-16 10:12:19"
"47","m0203","2025-03-26 13:46:38"
"47","m0565","2025-08-02 01:12:36"
"47","m0383","2024-10-21 12:05:36"
"47","m0207","2024-12-14 14:20:49"
"47","m0291","2025-03-13 16:41:59"
"47","m0482","2025-01-24 19:18:39"
"47","m0037","2025-01-18 19:10:56"
"47","m0568","2024-10-14 20:37:11"
"47","m0293","2025-06-23 09:16:01"
"47","m0564","2024-08-14 12:13:24"
"47","m0604","2025-06-18 19:01:54"
"47","m0266","2024-07-18 23:15:36"
"48","m0410","2023-11-27 22:10:04"
"48","m0112","2025-08-17 15:08:06"
"48","m0081","2024-05-08 00:58:12"
"48","m0480","2025-06-03 13:25:07"
"48","m0270","2023-11-15 13:53:29"
"48","m0211","2024-02-21 21:10:37"
"49","m0231","2023-08-10 20:12:36"
"49","m0099","2025-06-08 01:10:30"
"49","m0056","2022-12-14 23:24:14"
"49","m0139","2023-11-20 14:51:10"
"49","m0166","2023-01-24 18:41:23"
"49","m0153","2024-12-07 04:01:03"
"49","m0255","2025-06-22 20:06:02"
"49","m0633","2025-11-26 22:38:05"
"49","m0227","2024-11-05 06:12:23"
"49","m0402","2024-02-23 06:54:36"
"49","m0049","2024-08-09 14:50:04"
"49","m0042","2023-01-19 19:30:53"
"49","m0022","2025-02-20 06:05:55"
"49","m0171","2024-01-03 14:42:27"
"49","m0526","2024-11-22 04:25:59"
"49","m0370","2025-03-11 12:38:54"
"49","m0199","2024-04-12 06:20:31"
"50","m0081","2025-01-06 07:24:58"
"50","m0469","2025-08-18 03:45:30"
"50","m0412","2023-05-13 17:19:37"
"50","m0150","2024-07-02 03:58:13"
"50","m0512","2025-10-20 08:02:34"
"50","m0629","2025-01-11 11:56:04"
